query,query_tokens,final_rank,rerank_score,rrf_score,rrf_rank,dense_rank,bm25_rank,metadata,page_content
어린이 보호구역에서는 몇 km로 달려야 해?,"어린이, 보호, 구역, km, 어린이보호구역, 보호구역",1,0.3680165410041809,0.0322664584959666,1,1.0,3.0,"{'law_title': '도로교통법(법률)(제20270호)', 'source': 'file/도로 교통법/도로교통법(법률)(제20270호)(20240814).pdf'}","도로교통법(법률)(제20270호) 제12조(어린이 보호구역의 지정ㆍ해제 및 관리) ① 시장등은 교통사고의 위험으로부터 어린이를 보호하기 위하여 필요
하다고 인정하는 경우에는 다음 각 호의 어느 하나에 해당하는 시설이나 장소의 주변도로 가운데 일정 구간을 어린
이 보호구역으로 지정하여 자동차등과 노면전차의 통행속도를 시속 30킬로미터 이내로 제한할 수 있다. 1. 「유아교육법」 제2조에 따른 유치원, 「초ㆍ중등교육법」"
어린이 보호구역에서는 몇 km로 달려야 해?,"어린이, 보호, 구역, km, 어린이보호구역, 보호구역",2,-0.0478484630584716,0.032258064516129,2,2.0,2.0,"{'law_title': '도로교통법 시행규칙(행정안전부령)(제00507호)', 'source': 'file/도로 교통법/도로교통법 시행규칙(행정안전부령)(제00507호)(20240731).pdf'}","도로교통법 시행규칙(행정안전부령)(제00507호) 제12조 또는 제12조의2에 따라 어린이 보호구역, 노인 보호구역 또는 장애인 보호구역으로 지정된 구간인 경우
또는 보행자의 안전이나 통행을 위하여 특히 필요하다고 인정되는 경우에는 그렇지 않다.
가. 법 제2조제1호에 따른 도로로서 「도로의 구조ㆍ시설 기준에 관한 규칙」 제3조제1항에 따른 도로 중 집산도로
(集散道路) 및 국지도로(局地道路): 100미터
나. 법 제2조제1호에 따른 도로로서 가목에 따른 도로 외의 도로: 200미터"
어린이 보호구역에서는 몇 km로 달려야 해?,"어린이, 보호, 구역, km, 어린이보호구역, 보호구역",3,-0.6054060459136963,0.0151515151515151,10,,6.0,"{'law_title': '도로교통법 시행령(대통령령)(제34533호)', 'source': 'file/도로 교통법/도로교통법 시행령(대통령령)(제34533호)(20240901).pdf'}","도로교통법 시행령(대통령령)(제34533호) 제160조 및 법 제161조에 따라 과
태료를 부과하려는 경우에는 행정안전부령으로 정하는 단속대장과 과태료 부과대상자 명부에 그 내용을 기록하여야
한다. 이 경우 단속대장은 특별한 사유가 없으면 전자적 처리가 가능한 방법으로 작성ㆍ관리하여야 한다. ② 시장등은 법 제160조제3항에 따라 법 제32조부터 제34조까지의 규정을 위반한 차의 운전자를 고용하고 있는 사
람이나 직접 운전자나 차를 관리하는 지위에 있는 사람 또는 차의 사용자(이하 “고용주등”이라 한다)에게 과태료를
부과하려는 경우에는 주차ㆍ정차위반 차에 과태료부과대상차표지를 붙인 후 해당 차를 촬영하거나 무인 교통단속
용 장비로 주차ㆍ정차위반 차를 촬영한 사진증거 등의 증거자료를 갖추어 부과하여야 하고, 증거자료는 관련 번호
를 부여하여 보존하여야 한다.
③ 시장등은 법 제160조제3항에도 불구하고 같은 조 제4항제3호에 따라 차의 고용주등에게 과태료처분을 할 수 없
을 때에는 위반행위를 한 운전자를 증명하는 자료를 첨부하여 관할 경찰서장에게 그 사실을 통보하여야 한다.
④ 법 제160조에 따른 과태료의 부과기준은 별표 6과 같다. 다만, 어린이보호구역 및 노인ㆍ장애인보호구역에서 오
전 8시부터 오후 8시까지 법"
어린이 보호구역에서는 몇 km로 달려야 해?,"어린이, 보호, 구역, km, 어린이보호구역, 보호구역",4,-0.6057238578796387,0.0313188157572791,3,7.0,1.0,"{'law_title': '도로교통법 시행령(대통령령)(제34533호)', 'source': 'file/도로 교통법/도로교통법 시행령(대통령령)(제34533호)(20240901).pdf'}","도로교통법 시행령(대통령령)(제34533호) 제93조(범칙행위의 범위와 범칙금액) ① 법 제162조에 따른 범칙행위의 구체적인 범위와 범칙금액은 별표 8 및 별표
9와 같다.
② 별표 8에도 불구하고 어린이보호구역 및 노인ㆍ장애인보호구역에서 오전 8시부터 오후 8시까지 법"
어린이 보호구역에서는 몇 km로 달려야 해?,"어린이, 보호, 구역, km, 어린이보호구역, 보호구역",5,-0.6667380332946777,0.0153846153846153,8,,5.0,"{'law_title': '도로교통법(법률)(제20270호)', 'source': 'file/도로 교통법/도로교통법(법률)(제20270호)(20240814).pdf'}","도로교통법(법률)(제20270호) 제147조

제147조의2(규제의 재검토) 경찰청장은 다음 각 호의 사항에 대하여 다음 각 호의 기준일을 기준으로 3년마다(매 3년
이 되는 해의 기준일과 같은 날 전까지를 말한다) 폐지, 완화 또는 유지 등의 타당성을 검토하여야 한다.
1. 제12조에 따른 어린이 보호구역의 지정 및 관리: 2014년 1월 1일
2. 제12조의2에 따른 노인 및 장애인 보호구역의 지정 및 관리: 2014년 1월 1일 제147조의3(국제협력 전담기관의 지정) ① 경찰청장은 도로교통 관련 국제협력을 위하여 기술의 국제교류, 국제표준화
및 국제공동연구개발 등의 업무를 전담하는 기관을 지정할 수 있다.
② 경찰청장은 제1항에 따라 지정받은 자가 다음 각 호의 어느 하나에 해당하는 경우에는 전담기관의 지정을 취소
하거나 6개월의 범위에서 기간을 정하여 업무의 전부 또는 일부를 정지할 수 있다. 다만, 제1호에 해당하는 경우에
는 지정을 취소하여야 한다.

도로교통법
1. 거짓이나 그 밖의 부정한 방법으로 지정을 받은 경우
2. 제3항에 따른 지정기준에 적합하지 아니하게 된 경우
③ 제1항에 따른 전담기관의 지정ㆍ운영 및 제2항에 따른 지정취소ㆍ업무정지 등에 필요한 사항은 대통령령으로
정한다.
제147조의3

제13장 벌칙"
스쿨존에서 속도위반하면 어떻게 돼?,"스쿨존, 속도위반",1,-0.2869681417942047,0.0310544053923928,1,2.0,7.0,"{'law_title': '도로교통법(법률)(제20270호)', 'source': 'file/도로 교통법/도로교통법(법률)(제20270호)(20240814).pdf'}","도로교통법(법률)(제20270호) 제12조(어린이 보호구역의 지정ㆍ해제 및 관리) ① 시장등은 교통사고의 위험으로부터 어린이를 보호하기 위하여 필요
하다고 인정하는 경우에는 다음 각 호의 어느 하나에 해당하는 시설이나 장소의 주변도로 가운데 일정 구간을 어린
이 보호구역으로 지정하여 자동차등과 노면전차의 통행속도를 시속 30킬로미터 이내로 제한할 수 있다. 1. 「유아교육법」 제2조에 따른 유치원, 「초ㆍ중등교육법」"
스쿨존에서 속도위반하면 어떻게 돼?,"스쿨존, 속도위반",2,-0.331114262342453,0.0163934426229508,3,,1.0,"{'law_title': '도로교통법 시행규칙(행정안전부령)(제00507호)', 'source': 'file/도로 교통법/도로교통법 시행규칙(행정안전부령)(제00507호)(20240731).pdf'}","도로교통법 시행규칙(행정안전부령)(제00507호) 제141조(교통안전심의위원회의 설치 등) ①도로교통안전에 관한 시책과 교통안전시설 관련 신기술 등을 심의하기 위
하여 경찰청에 교통안전심의위원회(이하 “교통안전위원회”라 한다)를 둔다.
②교통안전위원회는 위원장을 포함하여 25인 이상 30인 이내의 위원으로 구성하되, 위원장은 경찰청 소속 국장급
경찰공무원(자치경찰공무원은 제외한다)으로 하고, 위원은 도로교통안전 관련 분야의 지식과 경험이 풍부한 전문가
또는 공무원 중 경찰청장이 위촉 또는 임명하는 사람이 된다. ③위원 중 공무원이 아닌 위원의 임기는 2년으로 하되, 연임할 수 있다.
④그 밖에 교통안전위원회의 운영 등에 관하여 필요한 사항은 경찰청장이 정한다.

제141조의2(규제의 재검토) 경찰청장은 다음 각 호의 사항에 대하여 해당 호에서 정하는 날을 기준일로 하여 3년마다
(매 3년이 되는 해의 기준일과 같은 날 전까지를 말한다) 그 타당성을 검토하여 개선 등의 조치를 해야 한다. 1. 제19조에 따른 자동차등의 운행속도: 2014년 1월 1일
1의2. 제23조에 따른 대행법인등의 지정신청 등에 관한 첨부서류: 2022년 1월 1일
1의3. 제33조의3에 따른 개인형 이동장치 승차정원: 2023년 1월 1일
1의4. 제46조제1항 및 별표 16에 따른 운전면허 취소ㆍ정지를 받은 사람에 대한 특별교통안전 의무교육: 2023년
1월 1일
1의5. 제46조의2제1항 및 별표 16에 따른 긴급자동차 운전자에 대한 교통안전교육: 2023년 1월 1일
1의6. 제47조에 따른 교통안전교육기관의 지정신청 등에 관한 첨부서류: 2014년 7월 1일
1의7. 제91조제1항 및 별표 28에 따른 속도위반 운전자에 대한 운전면허 취소ㆍ정지처분 기준: 2023년 1월 1일
2. 제99조에 따른 자동차운전학원의 등록신청에 관한 첨부서류: 2014년 1월 1일
3. 제100조에 따른 자동차운전학원의 변경등록신청에 관한 첨부서류: 2014년 1월 1일
4. 삭제<2020. 2. 28.>
5. 제107조에 따른 자동차운전학원 교육과정의 운영기준 등: 2014년 1월 1일
5의2. 제113조에 따른 전문학원의 지정신청 등에 관한 첨부서류: 2014년 7월 1일
6. 삭제<2020. 2. 28.>
제11장 과태료 및 범칙행위의 처리"
스쿨존에서 속도위반하면 어떻게 돼?,"스쿨존, 속도위반",3,-0.3902566432952881,0.0163934426229508,2,1.0,,"{'law_title': '도로교통법(법률)(제20270호)', 'source': 'file/도로 교통법/도로교통법(법률)(제20270호)(20240814).pdf'}","도로교통법(법률)(제20270호) 제154조(벌칙) 다음 각 호의 어느 하나에 해당하는 사람은 30만원 이하의 벌금이나 구류에 처한다. 1. 제42조를 위반하여 자동차등에 도색ㆍ표지 등을 하거나 그러한 자동차등을 운전한 사람
2. 제43조를 위반하여 제80조에 따른 원동기장치자전거를 운전할 수 있는 운전면허를 받지 아니하거나(원동기장치
자전거를 운전할 수 있는 운전면허의 효력이 정지된 경우를 포함한다) 국제운전면허증 또는 상호인정외국면허증
중 원동기장치자전거를 운전할 수 있는 것으로 기재된 국제운전면허증 또는 상호인정외국면허증을 발급받지 아
니하고(운전이 금지된 경우와 유효기간이 지난 경우를 포함한다) 원동기장치자전거를 운전한 사람(다만, 개인형
이동장치를 운전하는 경우는 제외한다)
3. 제45조를 위반하여 과로ㆍ질병으로 인하여 정상적으로 운전하지 못할 우려가 있는 상태에서 자동차등 또는 노면
전차를 운전한 사람(다만, 개인형 이동장치를 운전하는 경우는 제외한다)
3의2. 제53조제3항을 위반하여 보호자를 태우지 아니하고 어린이통학버스를 운행한 운영자
3의3. 제53조제4항을 위반하여 어린이나 영유아가 하차하였는지를 확인하지 아니한 운전자
3의4. 제53조제5항을 위반하여 어린이 하차확인장치를 작동하지 아니한 운전자. 다만, 점검 또는 수리를 위하여 일
시적으로 장치를 제거하여 작동하지 못하는 경우는 제외한다.
3의5. 제53조제6항을 위반하여 보호자를 태우지 아니하고 운행하는 어린이통학버스에 보호자 동승표지를 부착한
자
4. 제54조제2항에 따른 사고발생 시 조치상황 등의 신고를 하지 아니한 사람
5. 제56조제2항을 위반하여 원동기장치자전거를 운전할 수 있는 운전면허를 받지 아니하거나(원동기장치자전거를
운전할 수 있는 운전면허의 효력이 정지된 경우를 포함한다) 국제운전면허증 또는 상호인정외국면허증 중 원동
기장치자전거를 운전할 수 있는 것으로 기재된 국제운전면허증 또는 상호인정외국면허증을 발급받지 아니한 사
람(운전이 금지된 경우와 유효기간이 지난 경우를 포함한다)에게 원동기장치자전거를 운전하도록 시킨 고용주등
6. 제63조를 위반하여 고속도로등을 통행하거나 횡단한 사람
7. 제69조제1항에 따른 도로공사의 신고를 하지 아니하거나 같은 조 제2항에 따른 조치를 위반한 사람 또는 같은
조 제3항을 위반하여 교통안전시설을 설치하지 아니하거나 같은 조 제4항을 위반하여 안전요원 또는 안전유도
장비를 배치하지 아니한 사람 또는 같은 조 제6항을 위반하여 교통안전시설을 원상회복하지 아니한 사람
8. 제71조제1항에 따른 경찰서장의 명령을 위반한 사람
9. 제17조제3항을 위반하여 제17조제1항 및 제2항에 따른 최고속도보다 시속 80킬로미터를 초과한 속도로 자동차
등을 운전한 사람(제151조의2제2호 및 제153조제2항제2호에 해당하는 사람은 제외한다)

도로교통법"
스쿨존에서 속도위반하면 어떻게 돼?,"스쿨존, 속도위반",4,-0.7237265110015869,0.015625,7,4.0,,"{'law_title': '도로교통법(법률)(제20270호)', 'source': 'file/도로 교통법/도로교통법(법률)(제20270호)(20240814).pdf'}","도로교통법(법률)(제20270호) 제5조, 제8조제1항, 제10조제2항부터 제5항까지의 규정을 위반한 보행자(실외이동로봇이 위반한 경우에는 실외
이동로봇 운용자를 포함한다)
2. 제6조제1항ㆍ제2항ㆍ제4항 또는 제7조에 따른 금지ㆍ제한 또는 조치를 위반한 보행자(실외이동로봇이 위반한
경우에는 실외이동로봇 운용자를 포함한다)
2의2. 제8조의2제2항을 위반한 실외이동로봇 운용자
3. 제9조제1항을 위반하거나 같은 조 제3항에 따른 경찰공무원의 조치를 위반한 행렬등의 보행자나 지휘자
4. 제68조제3항을 위반하여 도로에서의 금지행위를 한 사람

도로교통법"
스쿨존에서 속도위반하면 어떻게 돼?,"스쿨존, 속도위반",5,-0.8726195096969604,0.0158730158730158,5,3.0,,"{'law_title': '도로교통법(법률)(제20270호)', 'source': 'file/도로 교통법/도로교통법(법률)(제20270호)(20240814).pdf'}","도로교통법(법률)(제20270호) 제150조(벌칙) 다음 각 호의 어느 하나에 해당하는 사람은 2년 이하의 징역이나 500만원 이하의 벌금에 처한다. 1. 제46조제1항 또는 제2항을 위반하여 공동 위험행위를 하거나 주도한 사람
2. 제77조제1항에 따른 수강 결과를 거짓으로 보고한 교통안전교육강사
3. 제77조제2항을 위반하여 교통안전교육을 받지 아니하거나 기준에 미치지 못하는 사람에게 교육확인증을 발급한
교통안전교육기관의 장
3의2. 제92조제3항을 위반하여 다른 사람 명의의 모바일운전면허증을 부정하게 사용한 사람
4. 거짓이나 그 밖의 부정한 방법으로 제99조에 따른 학원의 등록을 하거나 제104조제1항에 따른 전문학원의 지정
을 받은 사람
5. 제104조제1항에 따른 전문학원의 지정을 받지 아니하고 제108조제5항에 따른 수료증 또는 졸업증을 발급한 사
람
6. 제116조를 위반하여 대가를 받고 자동차등의 운전교육을 한 사람
7. 삭제<2024. 1. 30.>"
주정차 위반하면 과태료가 얼마나 나와?,"정차, 위반, 과태료, 얼마나, 주정차위반, 정차위반",1,0.2787474989891052,0.0153846153846153,10,,5.0,"{'law_title': '도로교통법(법률)(제20270호)', 'source': 'file/도로 교통법/도로교통법(법률)(제20270호)(20240814).pdf'}","도로교통법(법률)(제20270호) 제62조 또는 제68조제3항제5호를 위반한 사실이 사진, 비디오테이프나 그 밖의 영상기록매체에 의하여 입증되고
다음 각 호의 어느 하나에 해당하는 경우에는 제56조제1항에 따른 고용주등에게 20만원 이하의 과태료를 부과한다
. 1. 위반행위를 한 운전자를 확인할 수 없어 제143조제1항에 따른 고지서를 발급할 수 없는 경우(제15조제3항, 제
29조제4항ㆍ제5항,"
주정차 위반하면 과태료가 얼마나 나와?,"정차, 위반, 과태료, 얼마나, 주정차위반, 정차위반",2,0.1822413206100464,0.0163934426229508,3,1.0,,"{'law_title': '도로교통법 시행령(대통령령)(제34533호)', 'source': 'file/도로 교통법/도로교통법 시행령(대통령령)(제34533호)(20240901).pdf'}","도로교통법 시행령(대통령령)(제34533호) 제5조, 제17조제3항 및 제32조부터 제34조까지의 규정 중 어느 하나를 위반한 경우 과
태료의 부과기준은 별표 7과 같다. ⑤ 「질서위반행위규제법」 제18조에 따른 자진납부자에 대한 과태료 감경 비율은 같은 법 시행령 제5조의 감경 범
위에서 다음 각 호의 기준에 따라 행정안전부령으로 정하는 비율로 한다. 1. 과태료 체납률
2. 위반행위의 종류, 내용 및 정도
3. 범칙금과의 형평성
⑥ 법 제160조에 따른 과태료는 과태료 납부고지서를 받은 날부터 60일 이내에 내야 한다. 다만, 천재지변이나 그
밖의 부득이한 사유로 과태료를 낼 수 없을 때에는 그 사유가 없어진 날부터 5일 이내에 내야 한다.
⑦ 시장등은 과태료의 납부 고지를 받은 자가 납부기간 이내에 과태료를 내지 아니하면 「질서위반행위규제법」 제
24조제3항에 따른 체납처분을 하기 전에 지방세 중 자동차세의 납부고지서와 함께 미납과태료(가산금을 포함한다
)의 납부를 고지할 수 있다.
⑧ 시ㆍ도경찰청장 또는 시장등은 차의 등록원부가 있는 지역 또는 노면전차 운영자의 소재지(법인인 경우에는 주
된 사무소의 소재지를 말한다)가 있는 지역(이하 “차적지”라 한다)이 다른 관할구역인 경우에는 행정안전부령으로
정하는 바에 따라 차적지를 관할하는 시ㆍ도경찰청장 또는 시장등에게 과태료 징수를 의뢰하여야 한다. 이 경우 과
태로 징수를 의뢰한 시장등은 차적지를 관할하는 시장등에게 징수된 과태료의 100분의 30 범위에서 행정안전부령

도로교통법 시행령
으로 정하는 징수 수수료를 지급하여야 한다. ⑨ 제1항부터 제8항까지에서 규정한 사항 외에 과태료의 부과 및 징수 등에 필요한 사항은 행정안전부령으로 정한
다. 제88조의2(과태료 징수업무 위탁) 시ㆍ도경찰청장은 법 제161조제2항에 따라 「한국자산관리공사 설립 등에 관한 법률
」에 따른 한국자산관리공사에 제1호에 해당하는 사람에 대한 제2호의 업무를 위탁한다. 1. 다음 각 목의 어느 하나에 해당하는 사람
가. 과태료를 5백만원 이상 체납한 사람
나. 과태료를 7년 이상 체납한 사람
다. 과태료를 체납한 사람(이하 “체납자”라 한다) 중 본인 명의의 소득 또는 재산이 없는 등의 사유로 시ㆍ도경찰
청장이 징수가 어렵다고 판단한 사람
2. 다음 각 목의 어느 하나에 해당하는 업무
가. 체납자의 주소 또는 거소 확인
나. 체납자의 재산 조사
다. 체납과태료의 납부를 촉구하는 안내문 발송과 전화 또는 방문 상담"
주정차 위반하면 과태료가 얼마나 나와?,"정차, 위반, 과태료, 얼마나, 주정차위반, 정차위반",3,0.0506256930530071,0.0153846153846153,9,5.0,,"{'law_title': '도로교통법(법률)(제20270호)', 'source': 'file/도로 교통법/도로교통법(법률)(제20270호)(20240814).pdf'}","도로교통법(법률)(제20270호) 제151조(벌칙) 차 또는 노면전차의 운전자가 업무상 필요한 주의를 게을리하거나 중대한 과실로 다른 사람의 건조물이
나 그 밖의 재물을 손괴한 경우에는 2년 이하의 금고나 500만원 이하의 벌금에 처한다.

도로교통법
제151조의2(벌칙) 다음 각 호의 어느 하나에 해당하는 사람은 1년 이하의 징역이나 500만원 이하의 벌금에 처한다. 1. 제46조의3을 위반하여 자동차등을 난폭운전한 사람
2. 제17조제3항을 위반하여 제17조제1항 및 제2항에 따른 최고속도보다 시속 100킬로미터를 초과한 속도로 3회 이
상 자동차등을 운전한 사람"
주정차 위반하면 과태료가 얼마나 나와?,"정차, 위반, 과태료, 얼마나, 주정차위반, 정차위반",4,-0.039583496749401,0.0158730158730158,5,3.0,,"{'law_title': '도로교통법(법률)(제20270호)', 'source': 'file/도로 교통법/도로교통법(법률)(제20270호)(20240814).pdf'}","도로교통법(법률)(제20270호) 제154조(벌칙) 다음 각 호의 어느 하나에 해당하는 사람은 30만원 이하의 벌금이나 구류에 처한다. 1. 제42조를 위반하여 자동차등에 도색ㆍ표지 등을 하거나 그러한 자동차등을 운전한 사람
2. 제43조를 위반하여 제80조에 따른 원동기장치자전거를 운전할 수 있는 운전면허를 받지 아니하거나(원동기장치
자전거를 운전할 수 있는 운전면허의 효력이 정지된 경우를 포함한다) 국제운전면허증 또는 상호인정외국면허증
중 원동기장치자전거를 운전할 수 있는 것으로 기재된 국제운전면허증 또는 상호인정외국면허증을 발급받지 아
니하고(운전이 금지된 경우와 유효기간이 지난 경우를 포함한다) 원동기장치자전거를 운전한 사람(다만, 개인형
이동장치를 운전하는 경우는 제외한다)
3. 제45조를 위반하여 과로ㆍ질병으로 인하여 정상적으로 운전하지 못할 우려가 있는 상태에서 자동차등 또는 노면
전차를 운전한 사람(다만, 개인형 이동장치를 운전하는 경우는 제외한다)
3의2. 제53조제3항을 위반하여 보호자를 태우지 아니하고 어린이통학버스를 운행한 운영자
3의3. 제53조제4항을 위반하여 어린이나 영유아가 하차하였는지를 확인하지 아니한 운전자
3의4. 제53조제5항을 위반하여 어린이 하차확인장치를 작동하지 아니한 운전자. 다만, 점검 또는 수리를 위하여 일
시적으로 장치를 제거하여 작동하지 못하는 경우는 제외한다.
3의5. 제53조제6항을 위반하여 보호자를 태우지 아니하고 운행하는 어린이통학버스에 보호자 동승표지를 부착한
자
4. 제54조제2항에 따른 사고발생 시 조치상황 등의 신고를 하지 아니한 사람
5. 제56조제2항을 위반하여 원동기장치자전거를 운전할 수 있는 운전면허를 받지 아니하거나(원동기장치자전거를
운전할 수 있는 운전면허의 효력이 정지된 경우를 포함한다) 국제운전면허증 또는 상호인정외국면허증 중 원동
기장치자전거를 운전할 수 있는 것으로 기재된 국제운전면허증 또는 상호인정외국면허증을 발급받지 아니한 사
람(운전이 금지된 경우와 유효기간이 지난 경우를 포함한다)에게 원동기장치자전거를 운전하도록 시킨 고용주등
6. 제63조를 위반하여 고속도로등을 통행하거나 횡단한 사람
7. 제69조제1항에 따른 도로공사의 신고를 하지 아니하거나 같은 조 제2항에 따른 조치를 위반한 사람 또는 같은
조 제3항을 위반하여 교통안전시설을 설치하지 아니하거나 같은 조 제4항을 위반하여 안전요원 또는 안전유도
장비를 배치하지 아니한 사람 또는 같은 조 제6항을 위반하여 교통안전시설을 원상회복하지 아니한 사람
8. 제71조제1항에 따른 경찰서장의 명령을 위반한 사람
9. 제17조제3항을 위반하여 제17조제1항 및 제2항에 따른 최고속도보다 시속 80킬로미터를 초과한 속도로 자동차
등을 운전한 사람(제151조의2제2호 및 제153조제2항제2호에 해당하는 사람은 제외한다)

도로교통법"
주정차 위반하면 과태료가 얼마나 나와?,"정차, 위반, 과태료, 얼마나, 주정차위반, 정차위반",5,-0.0664361789822578,0.0161290322580645,4,,2.0,"{'law_title': '도로교통법(법률)(제20270호)', 'source': 'file/도로 교통법/도로교통법(법률)(제20270호)(20240814).pdf'}","도로교통법(법률)(제20270호) 제161조(과태료의 부과ㆍ징수 등) ①제160조제1항부터 제3항까지의 규정에 따른 과태료는 대통령령으로 정하는 바에
따라 다음 각 호의 자가 부과ㆍ징수한다. 1. 제160조제1항부터 제3항까지(제15조제3항에 따른 전용차로 통행, 제32조부터 제34조까지의 규정에 따른 정차
또는 주차, 제53조제7항에 따른 안전운행기록 제출, 제53조의3제1항에 따른 어린이통학버스 안전교육, 제53조의
3제3항에 따른 어린이통학버스 운영자 의무 규정을 위반한 경우는 제외한다)의 과태료: 시ㆍ도경찰청장
2. 제160조제1항(제52조제1항ㆍ제3항을 위반한 경우만 해당한다), 제2항(제49조제1항제1호ㆍ제3호, 제50조제1항
ㆍ제3항, 제52조제2항, 제53조제2항, 제53조의3제1항 및 제53조의3제3항을 위반한 경우만 해당한다) 및 제3항
("
음주운전하면 면허가 바로 취소돼?,"음주운전, 면허, 바로, 취소",1,0.6361978054046631,0.0163934426229508,2,1.0,,"{'law_title': '도로교통법(법률)(제20270호)', 'source': 'file/도로 교통법/도로교통법(법률)(제20270호)(20240814).pdf'}","도로교통법(법률)(제20270호) 제93조(운전면허의 취소ㆍ정지) ① 시ㆍ도경찰청장은 운전면허(연습운전면허는 제외한다. 이하 이 조에서 같다)를 받은
사람이 다음 각 호의 어느 하나에 해당하면 행정안전부령으로 정하는 기준에 따라 운전면허(운전자가 받은 모든 범
위의 운전면허를 포함한다. 이하 이 조에서 같다)를 취소하거나 1년 이내의 범위에서 운전면허의 효력을 정지시킬
수 있다. 다만, 제2호, 제3호, 제7호, 제8호, 제8호의2, 제9호(정기 적성검사 기간이 지난 경우는 제외한다), 제14호, 제
16호, 제17호, 제20호의 규정에 해당하는 경우에는 운전면허를 취소하여야 하고(제8호의2에 해당하는 경우 취소하
여야 하는 운전면허의 범위는 운전자가 거짓이나 그 밖의 부정한 수단으로 받은 그 운전면허로 한정한다), 제18호의
규정에 해당하는 경우에는 정당한 사유가 없으면 관계 행정기관의 장의 요청에 따라 운전면허를 취소하거나 1년 이
내의 범위에서 정지하여야 한다. 1. 제44조제1항을 위반하여 술에 취한 상태에서 자동차등을 운전한 경우
2. 제44조제1항 또는 제2항 후단을 위반(자동차등을 운전한 경우로 한정한다. 이하 이 호 및 제3호에서 같다)한 사
람이 다시 같은 조 제1항을 위반하여 운전면허 정지 사유에 해당된 경우
3. 제44조제2항 후단을 위반하여 술에 취한 상태에 있다고 인정할 만한 상당한 이유가 있음에도 불구하고 경찰공무
원의 측정에 응하지 아니한 경우
4. 제45조를 위반하여 약물의 영향으로 인하여 정상적으로 운전하지 못할 우려가 있는 상태에서 자동차등을 운전한
경우
5. 제46조제1항을 위반하여 공동 위험행위를 한 경우
5의2. 제46조의3을 위반하여 난폭운전을 한 경우
5의3. 제17조제3항을 위반하여 제17조제1항 및 제2항에 따른 최고속도보다 시속 100킬로미터를 초과한 속도로
3회 이상 자동차등을 운전한 경우
6. 교통사고로 사람을 사상한 후 제54조제1항 또는 제2항에 따른 필요한 조치 또는 신고를 하지 아니한 경우
7. 제82조제1항제2호부터 제5호까지의 규정에 따른 운전면허를 받을 수 없는 사람에 해당된 경우
8. 제82조에 따라 운전면허를 받을 수 없는 사람이 운전면허를 받거나 운전면허효력의 정지기간 중 운전면허증 또
는 운전면허증을 갈음하는 증명서를 발급받은 사실이 드러난 경우
8의2. 거짓이나 그 밖의 부정한 수단으로 운전면허를 받은 경우
9. 제87조제2항 또는 제88조제1항에 따른 적성검사를 받지 아니하거나 그 적성검사에 불합격한 경우
10. 운전 중 고의 또는 과실로 교통사고를 일으킨 경우
10의2. 운전면허를 받은 사람이 자동차등을 이용하여 「형법」 제258조의2(특수상해)ㆍ"
음주운전하면 면허가 바로 취소돼?,"음주운전, 면허, 바로, 취소",2,0.1770861595869064,0.0161290322580645,5,,2.0,"{'law_title': '도로교통법(법률)(제20270호)', 'source': 'file/도로 교통법/도로교통법(법률)(제20270호)(20240814).pdf'}","도로교통법(법률)(제20270호) 제43조 또는 제96조제3항을 위반하여 자동차등을 운전한 경우에는 그 위반한 날(운전면허효력 정지기간에 운전
하여 취소된 경우에는 그 취소된 날을 말하며, 이하 이 조에서 같다)부터 1년(원동기장치자전거면허를 받으려는
경우에는 6개월로 하되, 제46조를 위반한 경우에는 그 위반한 날부터 1년). 다만, 사람을 사상한 후 제54조제1항
에 따른 필요한 조치 및 제2항에 따른 신고를 하지 아니한 경우에는 그 위반한 날부터 5년으로 한다.
2."
음주운전하면 면허가 바로 취소돼?,"음주운전, 면허, 바로, 취소",3,0.1129525452852249,0.0163934426229508,3,,1.0,"{'law_title': '도로교통법(법률)(제20270호)', 'source': 'file/도로 교통법/도로교통법(법률)(제20270호)(20240814).pdf'}","도로교통법(법률)(제20270호) 제87조 및 제88조에 따라 적성검사를 받은 사람의 신체 상태 또는 운전 능력에 따라 제3항에
따른 조건을 새로 붙이거나 바꿀 수 있다. 제80조의2(음주운전 방지장치 부착 조건부 운전면허) ① 제44조제1항 또는 제2항을 위반(자동차등 또는 노면전차를 운
전한 경우로 한정한다. 다만, 개인형 이동장치를 운전한 경우는 제외한다. 이하 같다)한 날부터 5년 이내에 다시 같은
조 제1항 또는 제2항을 위반하여 운전면허 취소처분을 받은 사람이 자동차등을 운전하려는 경우에는 시ㆍ도경찰청
장으로부터 음주운전 방지장치 부착 조건부 운전면허(이하 “조건부 운전면허”라 한다. 이하 같다)를 받아야 한다.
② 음주운전 방지장치는 제82조제2항제1호부터 제9호까지에 따라 조건부 운전면허 발급 대상에게 적용되는 운전
면허 결격기간과 같은 기간 동안 부착하며, 운전면허 결격기간이 종료된 다음 날부터 부착기간을 산정한다.
③ 제1항에 따른 조건부 운전면허의 범위ㆍ발급ㆍ종류 등에 필요한 사항은 행정안전부령으로 정한다. [시행일: 2024. 10. 25.] 제80조의2"
음주운전하면 면허가 바로 취소돼?,"음주운전, 면허, 바로, 취소",4,0.0665641650557518,0.0161290322580645,4,2.0,,"{'law_title': '도로교통법(법률)(제20270호)', 'source': 'file/도로 교통법/도로교통법(법률)(제20270호)(20240814).pdf'}","도로교통법(법률)(제20270호) 제12조 중 증거를 날조ㆍ인멸ㆍ은닉한 죄

도로교통법
나. 「형법」 중 다음 어느 하나의 범죄
1) 살인ㆍ사체유기 또는 방화
2) 강도ㆍ강간 또는 강제추행
3) 약취ㆍ유인 또는 감금
4) 상습절도(절취한 물건을 운반한 경우에 한정한다)
5) 교통방해(단체 또는 다중의 위력으로써 위반한 경우에 한정한다)
다. 「보험사기방지 특별법」 중 제8조부터 제10조까지의 죄
12. 다른 사람의 자동차등을 훔치거나 빼앗은 경우
13. 다른 사람이 부정하게 운전면허를 받도록 하기 위하여 제83조에 따른 운전면허시험에 대신 응시한 경우
14. 이 법에 따른 교통단속 임무를 수행하는 경찰공무원등 및 시ㆍ군공무원을 폭행한 경우
15. 운전면허증을 다른 사람에게 빌려주어 운전하게 하거나 다른 사람의 운전면허증을 빌려서 사용한 경우
16. 「자동차관리법」에 따라 등록되지 아니하거나 임시운행허가를 받지 아니한 자동차(이륜자동차는 제외한다)를
운전한 경우
17. 제1종 보통면허 및 제2종 보통면허를 받기 전에 연습운전면허의 취소 사유가 있었던 경우
18. 다른 법률에 따라 관계 행정기관의 장이 운전면허의 취소처분 또는 정지처분을 요청한 경우
18의2. 제39조제1항 또는 제4항을 위반하여 화물자동차를 운전한 경우
19. 이 법이나 이 법에 따른 명령 또는 처분을 위반한 경우
20. 운전면허를 받은 사람이 자신의 운전면허를 실효(失效)시킬 목적으로 시ㆍ도경찰청장에게 자진하여 운전면허를
반납하는 경우. 다만, 실효시키려는 운전면허가 취소처분 또는 정지처분의 대상이거나 효력정지 기간 중인 경우
는 제외한다.
② 시ㆍ도경찰청장은 제1항에 따라 운전면허를 취소하거나 운전면허의 효력을 정지하려고 할 때 그 기준으로 활용
하기 위하여 교통법규를 위반하거나 교통사고를 일으킨 사람에 대하여는 행정안전부령으로 정하는 바에 따라 위반
및 피해의 정도 등에 따라 벌점을 부과할 수 있으며, 그 벌점이 행정안전부령으로 정하는 기간 동안 일정한 점수를
초과하는 경우에는 행정안전부령으로 정하는 바에 따라 운전면허를 취소 또는 정지할 수 있다. ③ 시ㆍ도경찰청장은 연습운전면허를 발급받은 사람이 운전 중 고의 또는 과실로 교통사고를 일으키거나 이 법이
나 이 법에 따른 명령 또는 처분을 위반한 경우에는 연습운전면허를 취소하여야 한다. 다만, 본인에게 귀책사유(歸
責事由)가 없는 경우 등 대통령령으로 정하는 경우에는 그러하지 아니하다. ④ 시ㆍ도경찰청장은 제1항 또는 제2항에 따라 운전면허의 취소처분 또는 정지처분을 하려고 하거나 제3항에 따라
연습운전면허 취소처분을 하려면 그 처분을 하기 전에 미리 행정안전부령으로 정하는 바에 따라 처분의 당사자에
게 처분 내용과 의견제출 기한 등을 통지하여야 하며, 그 처분을 하는 때에는 행정안전부령으로 정하는 바에 따라
처분의 이유와 행정심판을 제기할 수 있는 기간 등을 통지하여야 한다. 다만, 제87조제2항 또는 제88조제1항에 따
른 적성검사를 받지 아니하였다는 이유로 운전면허를 취소하려면 행정안전부령으로 정하는 바에 따라 처분의 당사
자에게 적성검사를 할 수 있는 날의 만료일 전까지 적성검사를 받지 아니하면 운전면허가 취소된다는 사실의 조건
부 통지를 함으로써 처분의 사전 및 사후 통지를 갈음할 수 있다."
음주운전하면 면허가 바로 취소돼?,"음주운전, 면허, 바로, 취소",5,0.0621847733855247,0.0158730158730158,6,3.0,,"{'law_title': '도로교통법(법률)(제20270호)', 'source': 'file/도로 교통법/도로교통법(법률)(제20270호)(20240814).pdf'}","도로교통법(법률)(제20270호) 제43조 또는 제96조제3항을 함께 위반한 경우도 포함한다)하여 운전을 하다가
2회 이상 교통사고를 일으킨 경우에는 운전면허가 취소된 날("
불법주차한 차는 신고할 수 있어?,"불법, 주차, 신고, 불법주차",1,0.1308834552764892,0.0163934426229508,2,1.0,,"{'law_title': '도로교통법 시행령(대통령령)(제34533호)', 'source': 'file/도로 교통법/도로교통법 시행령(대통령령)(제34533호)(20240901).pdf'}","도로교통법 시행령(대통령령)(제34533호) 제13조(주차위반 차의 견인ㆍ보관 및 반환 등을 위한 조치) ① 경찰서장, 도지사 또는 시장등은 법 제35조제2항에 따라
차를 견인하려는 경우에는 행정안전부령으로 정하는 바에 따라 과태료 또는 범칙금 부과 및 견인 대상 차임을 알리
는 표지(이하 “과태료부과대상차표지”라 한다)를 그 차의 보기 쉬운 곳에 부착하여 견인 대상 차임을 알 수 있도록
하여야 한다. ② 경찰서장, 도지사 또는 시장등은 법 제35조제2항에 따라 차를 견인한 경우에는 행정안전부령으로 정하는 바에
따라 그 차의 사용자(소유자나 소유자로부터 차의 관리를 위탁받은 사람을 말한다. 이하 같다) 또는 운전자가 그 차
의 소재를 쉽게 알 수 있도록 조치하여야 한다. ③ 경찰서장, 도지사 또는 시장등은 차를 견인하였을 때부터 24시간이 경과되어도 이를 인수하지 아니하는 때에는
해당 차의 보관장소 등 행정안전부령이 정하는 사항을 해당 차의 사용자 또는 운전자에게 등기우편으로 통지하여
야 한다. ④ 경찰서장, 도지사 또는 시장등은 견인하여 보관하고 있는 차의 사용자나 운전자를 알 수 없는 경우에는 법 제
35조제4항에 따라 차를 견인한 날부터 14일간 해당 기관의 게시판에 다음 각 호의 사항을 공고하고, 행정안전부령
으로 정하는 바에 따라 열람부를 작성ㆍ비치하여 관계자가 열람할 수 있도록 하여야 한다.

도로교통법 시행령
1. 보관하고 있는 차의 종류 및 형상
2. 보관하고 있는 차가 있던 장소 및 그 차를 견인한 일시
3. 차를 보관하고 있는 장소
4. 그 밖에 차를 보관하기 위하여 필요하다고 인정되는 사항
⑤ 경찰서장, 도지사 또는 시장등은 제4항에 따른 공고기간이 지나도 차의 사용자나 운전자를 알 수 없는 경우에는
제4항 각 호의 내용을 일간신문, 관보, 공보 중 하나 이상에 공고하고, 인터넷 홈페이지에도 공고해야 한다. 다만, 일
간신문 등에 공고할 만한 재산적 가치가 없다고 인정되는 경우에는 그렇지 않다."
불법주차한 차는 신고할 수 있어?,"불법, 주차, 신고, 불법주차",2,0.1097045093774795,0.0161290322580645,4,2.0,,"{'law_title': '도로교통법(법률)(제20270호)', 'source': 'file/도로 교통법/도로교통법(법률)(제20270호)(20240814).pdf'}","도로교통법(법률)(제20270호) 제33조 또는 제34조를 위반하여
주차하고 있는 차가 교통에 위험을 일으키게 하거나 방해될 우려가 있을 때에는 차의 운전자 또는 관리 책임이 있는
사람에게 주차 방법을 변경하거나 그 곳으로부터 이동할 것을 명할 수 있다.
1. 경찰공무원
2. 시장등(도지사를 포함한다. 이하 이 조에서 같다)이 대통령령으로 정하는 바에 따라 임명하는 공무원(이하 “시ㆍ
군공무원”이라 한다)
② 경찰서장이나 시장등은 제1항의 경우 차의 운전자나 관리 책임이 있는 사람이 현장에 없을 때에는 도로에서 일
어나는 위험을 방지하고 교통의 안전과 원활한 소통을 확보하기 위하여 필요한 범위에서 그 차의 주차방법을 직접
변경하거나 변경에 필요한 조치를 할 수 있으며, 부득이한 경우에는 관할 경찰서나 경찰서장 또는 시장등이 지정하
는 곳으로 이동하게 할 수 있다.
③ 경찰서장이나 시장등은 제2항에 따라 주차위반 차를 관할 경찰서나 경찰서장 또는 시장등이 지정하는 곳으로 이
동시킨 경우에는 선량한 관리자로서의 주의의무를 다하여 보관하여야 하며, 그 사실을 차의 사용자(소유자 또는 소
유자로부터 차의 관리에 관한 위탁을 받은 사람을 말한다. 이하 같다)나 운전자에게 신속히 알리는 등 반환에 필요
한 조치를 하여야 한다.
④ 제3항의 경우 차의 사용자나 운전자의 성명ㆍ주소를 알 수 없을 때에는 대통령령으로 정하는 방법에 따라 공고
하여야 한다.
⑤ 경찰서장이나 시장등은 제3항과 제4항에 따라 차의 반환에 필요한 조치 또는 공고를 하였음에도 불구하고 그 차
의 사용자나 운전자가 조치 또는 공고를 한 날부터 1개월 이내에 그 반환을 요구하지 아니할 때에는 대통령령으로
정하는 바에 따라 그 차를 매각하거나 폐차할 수 있다.
⑥ 제2항부터 제5항까지의 규정에 따른 주차위반 차의 이동ㆍ보관ㆍ공고ㆍ매각 또는 폐차 등에 들어간 비용은 그
차의 사용자가 부담한다. 이 경우 그 비용의 징수에 관하여는 「행정대집행법」"
불법주차한 차는 신고할 수 있어?,"불법, 주차, 신고, 불법주차",3,0.0162278059870004,0.015625,7,4.0,,"{'law_title': '도로교통법 시행령(대통령령)(제34533호)', 'source': 'file/도로 교통법/도로교통법 시행령(대통령령)(제34533호)(20240901).pdf'}","도로교통법 시행령(대통령령)(제34533호) 제87조(권한의 위임에 따른 주차단속의 특례 등) ① 특별시장ㆍ광역시장은 제86조제2항제2호에도 불구하고 교통의 원
활한 소통과 안전을 위하여 필요한 경우에는 주차위반 차에 대하여 직접 법 제35조에 따른 조치를 할 수 있다.
② 특별시장ㆍ광역시장은 제1항에 따라 주차위반 사실을 직접 적발ㆍ단속한 경우에는 다음 각 호의 자료를 갖추어
위반장소를 관할하는 구청장 또는 군수에게 통보하여야 한다.

도로교통법 시행령
1. 주차위반 차에 과태료부과대상차표지를 붙인 후 해당 차를 촬영하거나 무인 교통단속용 장비로 주차위반 차를
촬영한 사진, 비디오테이프, 그 밖의 영상기록매체(이하 “사진증거”라 한다) 등의 증거자료
2. 위반장소ㆍ위반내용 및 차량번호 등을 적은 서류
③ 특별시장ㆍ광역시장은 제1항에 따라 주차위반 사실을 직접 적발ㆍ단속한 경우에는 행정안전부령으로 정하는 단
속대장에 그 사실을 기록하여야 한다. 이 경우 단속대장은 특별한 사유가 없으면 전자적 처리가 가능한 방법으로 작
성ㆍ관리하여야 한다. ④ 특별시장ㆍ광역시장은 제2항에 따른 증거자료에 관련 번호를 매겨 보존하여야 한다.
제87조의2(도지사의 주차단속의 특례) ① 도지사는 법 제35조제1항에 따라 주차위반 사실을 적발ㆍ단속한 경우에는
제87조제2항 각 호의 자료를 갖추어 위반장소를 관할하는 시장 또는 군수에게 통보하여야 한다.
② 도지사가 주차위반 사실을 적발ㆍ단속한 경우 단속대장에의 등재와 증거자료 보전에 관하여는 제87조제3항 및
제4항을 준용한다. 이 경우 “특별시장ㆍ광역시장”은 각각 “도지사”로 본다. 제87조의3(민감정보 및 고유식별정보의 처리) ① 경찰청장, 시ㆍ도경찰청장, 경찰서장, 도지사 및 시장등("
불법주차한 차는 신고할 수 있어?,"불법, 주차, 신고, 불법주차",4,-0.1090496405959129,0.0153846153846153,9,5.0,,"{'law_title': '도로교통법 시행령(대통령령)(제34533호)', 'source': 'file/도로 교통법/도로교통법 시행령(대통령령)(제34533호)(20240901).pdf'}","도로교통법 시행령(대통령령)(제34533호) 제160조 및 법 제161조에 따라 과
태료를 부과하려는 경우에는 행정안전부령으로 정하는 단속대장과 과태료 부과대상자 명부에 그 내용을 기록하여야
한다. 이 경우 단속대장은 특별한 사유가 없으면 전자적 처리가 가능한 방법으로 작성ㆍ관리하여야 한다. ② 시장등은 법 제160조제3항에 따라 법 제32조부터 제34조까지의 규정을 위반한 차의 운전자를 고용하고 있는 사
람이나 직접 운전자나 차를 관리하는 지위에 있는 사람 또는 차의 사용자(이하 “고용주등”이라 한다)에게 과태료를
부과하려는 경우에는 주차ㆍ정차위반 차에 과태료부과대상차표지를 붙인 후 해당 차를 촬영하거나 무인 교통단속
용 장비로 주차ㆍ정차위반 차를 촬영한 사진증거 등의 증거자료를 갖추어 부과하여야 하고, 증거자료는 관련 번호
를 부여하여 보존하여야 한다.
③ 시장등은 법 제160조제3항에도 불구하고 같은 조 제4항제3호에 따라 차의 고용주등에게 과태료처분을 할 수 없
을 때에는 위반행위를 한 운전자를 증명하는 자료를 첨부하여 관할 경찰서장에게 그 사실을 통보하여야 한다.
④ 법 제160조에 따른 과태료의 부과기준은 별표 6과 같다. 다만, 어린이보호구역 및 노인ㆍ장애인보호구역에서 오
전 8시부터 오후 8시까지 법"
불법주차한 차는 신고할 수 있어?,"불법, 주차, 신고, 불법주차",5,-0.2661261856555938,0.0158730158730158,6,3.0,,"{'law_title': '도로교통법 시행령(대통령령)(제34533호)', 'source': 'file/도로 교통법/도로교통법 시행령(대통령령)(제34533호)(20240901).pdf'}","도로교통법 시행령(대통령령)(제34533호) 제85조(위법사항의 통보 등 업무 협조) ① 경찰서장은 자동차 운전자가 「여객자동차 운수사업법」ㆍ「화물자동차 운수
사업법」 및 같은 법에 따른 명령을 위반하여 승차거부, 부당요금징수, 합승강요행위 또는 자가용자동차의 영업행위
등을 한 사실을 발견하였을 때에는 관할 관청에 이를 통보하여야 한다.
② 시ㆍ도경찰청장은 국토교통부장관이 관리하는 4차로 이상의 도로에 제86조제1항제1호에 따라 신호기(信號機
)를 설치하려는 경우에는 그 설치장소가 적합한지와 그 밖의 도로시설을 함께 개선하여야 하는지 등에 관하여 미리
관할 지방국토관리청장의 의견을 들어야 한다."
주차위반한 차는 바로 견인될 수 있어?,"주차, 위반, 바로, 견인, 주차위반",1,1.280428171157837,0.0322664584959666,1,1.0,3.0,"{'law_title': '도로교통법 시행령(대통령령)(제34533호)', 'source': 'file/도로 교통법/도로교통법 시행령(대통령령)(제34533호)(20240901).pdf'}","도로교통법 시행령(대통령령)(제34533호) 제13조(주차위반 차의 견인ㆍ보관 및 반환 등을 위한 조치) ① 경찰서장, 도지사 또는 시장등은 법 제35조제2항에 따라
차를 견인하려는 경우에는 행정안전부령으로 정하는 바에 따라 과태료 또는 범칙금 부과 및 견인 대상 차임을 알리
는 표지(이하 “과태료부과대상차표지”라 한다)를 그 차의 보기 쉬운 곳에 부착하여 견인 대상 차임을 알 수 있도록
하여야 한다. ② 경찰서장, 도지사 또는 시장등은 법 제35조제2항에 따라 차를 견인한 경우에는 행정안전부령으로 정하는 바에
따라 그 차의 사용자(소유자나 소유자로부터 차의 관리를 위탁받은 사람을 말한다. 이하 같다) 또는 운전자가 그 차
의 소재를 쉽게 알 수 있도록 조치하여야 한다. ③ 경찰서장, 도지사 또는 시장등은 차를 견인하였을 때부터 24시간이 경과되어도 이를 인수하지 아니하는 때에는
해당 차의 보관장소 등 행정안전부령이 정하는 사항을 해당 차의 사용자 또는 운전자에게 등기우편으로 통지하여
야 한다. ④ 경찰서장, 도지사 또는 시장등은 견인하여 보관하고 있는 차의 사용자나 운전자를 알 수 없는 경우에는 법 제
35조제4항에 따라 차를 견인한 날부터 14일간 해당 기관의 게시판에 다음 각 호의 사항을 공고하고, 행정안전부령
으로 정하는 바에 따라 열람부를 작성ㆍ비치하여 관계자가 열람할 수 있도록 하여야 한다.

도로교통법 시행령
1. 보관하고 있는 차의 종류 및 형상
2. 보관하고 있는 차가 있던 장소 및 그 차를 견인한 일시
3. 차를 보관하고 있는 장소
4. 그 밖에 차를 보관하기 위하여 필요하다고 인정되는 사항
⑤ 경찰서장, 도지사 또는 시장등은 제4항에 따른 공고기간이 지나도 차의 사용자나 운전자를 알 수 없는 경우에는
제4항 각 호의 내용을 일간신문, 관보, 공보 중 하나 이상에 공고하고, 인터넷 홈페이지에도 공고해야 한다. 다만, 일
간신문 등에 공고할 만한 재산적 가치가 없다고 인정되는 경우에는 그렇지 않다."
주차위반한 차는 바로 견인될 수 있어?,"주차, 위반, 바로, 견인, 주차위반",2,0.4840321540832519,0.0310544053923928,3,7.0,2.0,"{'law_title': '도로교통법 시행규칙(행정안전부령)(제00507호)', 'source': 'file/도로 교통법/도로교통법 시행규칙(행정안전부령)(제00507호)(20240731).pdf'}","도로교통법 시행규칙(행정안전부령)(제00507호) 제22조(주차위반차의 견인ㆍ보관 및 반환 등을 위한 조치 등) ①영 제13조제1항에 따른 과태료 또는 범칙금 부과 및 견
인대상차 표지는 별지 제9호서식에 의한다.
②영 제13조제2항에 따라 경찰서장 또는 시장등이 차를 견인한 경우에는 경찰청장이 정하는 바에 의하여 그 차가
있던 곳에 견인한 취지와 그 차의 보관장소를 표시하여야 한다.
③영 제13조제3항에 따라 차의 사용자 또는 운전자에게 통지하여야 할 사항은 다음 각 호와 같다.
1. 차의 등록번호ㆍ차종 및 형식
2. 위반장소
3. 보관한 일시 및 장소
4. 통지한 날부터 1월이 지나도 반환을 요구하지 아니한 때에는 그 차를 매각 또는 폐차할 수 있다는 내용
④제3항에 따른 보관 중인 차의 인수통지는 별지 제10호서식에 의한다.
⑤영 제15조제1항에 따라 견인하여 보관한 차를 반환할 경우의 인수증은 별지 제11호서식에 의한다."
주차위반한 차는 바로 견인될 수 있어?,"주차, 위반, 바로, 견인, 주차위반",3,0.2875706851482391,0.015625,8,4.0,,"{'law_title': '도로교통법 시행령(대통령령)(제34533호)', 'source': 'file/도로 교통법/도로교통법 시행령(대통령령)(제34533호)(20240901).pdf'}","도로교통법 시행령(대통령령)(제34533호) 제15조(소요비용의 징수 등) ① 경찰서장, 도지사 또는 시장등은 견인하여 보관한 차를 반환할 때에는 법 제35조제6항
에 따라 그 차의 사용자 또는 운전자로부터 그 차의 견인ㆍ보관 또는 공고 등에 든 비용(이하 “소요비용”이라 한다
)을 징수하고, 범칙금 납부통고서 또는 과태료 납부고지서를 발급한 후 행정안전부령으로 정하는 인수증을 받고 차
를 반환하여야 한다. ② 경찰서장, 도지사 또는 시장등은 제1항에 따라 소요비용을 징수하려는 경우에는 납부금액, 납부기한 및 납부장
소를 적은 문서로 그 차의 사용자 또는 운전자에게 고지하여야 한다.
③ 소요비용의 산정기준은 해당 지방자치단체의 조례로 정한다."
주차위반한 차는 바로 견인될 수 있어?,"주차, 위반, 바로, 견인, 주차위반",4,0.2803951799869537,0.0310544053923928,2,2.0,7.0,"{'law_title': '도로교통법 시행령(대통령령)(제34533호)', 'source': 'file/도로 교통법/도로교통법 시행령(대통령령)(제34533호)(20240901).pdf'}","도로교통법 시행령(대통령령)(제34533호) 제16조(견인 등 대행법인등의 요건) 법 제36조제1항 및 제2항에 따라 차의 견인ㆍ보관 및 반환 업무를 대행하는 법인
ㆍ단체 또는 개인(이하 “대행법인등”이라 한다)이 갖추어야 하는 요건은 다음 각 호와 같다. 1. 다음 각 목의 구분에 따른 주차대수 이상을 주차할 수 있는 주차시설 및 부대시설
가. 특별시 또는 광역시 지역: 30대
나. 시 또는 군(광역시의 군을 포함한다) 지역: 15대
2. 1대 이상의 견인차
3. 사무소, 차의 보관장소와 견인차 간에 서로 연락할 수 있는 통신장비
4. 대행업무의 수행에 필요하다고 인정되는 인력

도로교통법 시행령
5. 그 밖에 행정안전부령으로 정하는 차의 보관 및 관리에 필요한 장비"
주차위반한 차는 바로 견인될 수 있어?,"주차, 위반, 바로, 견인, 주차위반",5,0.1536612510681152,0.0305361305361305,5,6.0,5.0,"{'law_title': '도로교통법(법률)(제20270호)', 'source': 'file/도로 교통법/도로교통법(법률)(제20270호)(20240814).pdf'}","도로교통법(법률)(제20270호) 제33조 또는 제34조를 위반하여
주차하고 있는 차가 교통에 위험을 일으키게 하거나 방해될 우려가 있을 때에는 차의 운전자 또는 관리 책임이 있는
사람에게 주차 방법을 변경하거나 그 곳으로부터 이동할 것을 명할 수 있다.
1. 경찰공무원
2. 시장등(도지사를 포함한다. 이하 이 조에서 같다)이 대통령령으로 정하는 바에 따라 임명하는 공무원(이하 “시ㆍ
군공무원”이라 한다)
② 경찰서장이나 시장등은 제1항의 경우 차의 운전자나 관리 책임이 있는 사람이 현장에 없을 때에는 도로에서 일
어나는 위험을 방지하고 교통의 안전과 원활한 소통을 확보하기 위하여 필요한 범위에서 그 차의 주차방법을 직접
변경하거나 변경에 필요한 조치를 할 수 있으며, 부득이한 경우에는 관할 경찰서나 경찰서장 또는 시장등이 지정하
는 곳으로 이동하게 할 수 있다.
③ 경찰서장이나 시장등은 제2항에 따라 주차위반 차를 관할 경찰서나 경찰서장 또는 시장등이 지정하는 곳으로 이
동시킨 경우에는 선량한 관리자로서의 주의의무를 다하여 보관하여야 하며, 그 사실을 차의 사용자(소유자 또는 소
유자로부터 차의 관리에 관한 위탁을 받은 사람을 말한다. 이하 같다)나 운전자에게 신속히 알리는 등 반환에 필요
한 조치를 하여야 한다.
④ 제3항의 경우 차의 사용자나 운전자의 성명ㆍ주소를 알 수 없을 때에는 대통령령으로 정하는 방법에 따라 공고
하여야 한다.
⑤ 경찰서장이나 시장등은 제3항과 제4항에 따라 차의 반환에 필요한 조치 또는 공고를 하였음에도 불구하고 그 차
의 사용자나 운전자가 조치 또는 공고를 한 날부터 1개월 이내에 그 반환을 요구하지 아니할 때에는 대통령령으로
정하는 바에 따라 그 차를 매각하거나 폐차할 수 있다.
⑥ 제2항부터 제5항까지의 규정에 따른 주차위반 차의 이동ㆍ보관ㆍ공고ㆍ매각 또는 폐차 등에 들어간 비용은 그
차의 사용자가 부담한다. 이 경우 그 비용의 징수에 관하여는 「행정대집행법」"
운전하면서 휴대폰 보면 처벌받아?,"운전, 휴대폰, 처벌",1,-0.0204678550362586,0.0292110874200426,1,10.0,7.0,"{'law_title': '도로교통법(법률)(제20270호)', 'source': 'file/도로 교통법/도로교통법(법률)(제20270호)(20240814).pdf'}","도로교통법(법률)(제20270호) 제148조(벌칙) 제54조제1항에 따른 교통사고 발생 시의 조치를 하지 아니한 사람(주ㆍ정차된 차만 손괴한 것이 분명한
경우에 제54조제1항제2호에 따라 피해자에게 인적 사항을 제공하지 아니한 사람은 제외한다)은 5년 이하의 징역이
나 1천500만원 이하의 벌금에 처한다. 제148조의2(벌칙) ① 제44조제1항 또는 제2항을 위반(자동차등 또는 노면전차를 운전한 경우로 한정한다. 다만, 개인형
이동장치를 운전한 경우는 제외한다. 이하 이 조에서 같다)하여 벌금 이상의 형을 선고받고 그 형이 확정된 날부터
10년 내에 다시 같은 조 제1항 또는 제2항을 위반한 사람(형이 실효된 사람도 포함한다)은 다음 각 호의 구분에 따라
처벌한다. 1. 제44조제2항을 위반한 사람은 1년 이상 6년 이하의 징역이나 500만원 이상 3천만원 이하의 벌금에 처한다.
2. 제44조제1항을 위반한 사람 중 혈중알코올농도가 0.2퍼센트 이상인 사람은 2년 이상 6년 이하의 징역이나 1천만
원 이상 3천만원 이하의 벌금에 처한다.
3. 제44조제1항을 위반한 사람 중 혈중알코올농도가 0.03퍼센트 이상 0.2퍼센트 미만인 사람은 1년 이상 5년 이하
의 징역이나 500만원 이상 2천만원 이하의 벌금에 처한다.
② 술에 취한 상태에 있다고 인정할 만한 상당한 이유가 있는 사람으로서 제44조제2항에 따른 경찰공무원의 측정
에 응하지 아니하는 사람(자동차등 또는 노면전차를 운전한 경우로 한정한다)은 1년 이상 5년 이하의 징역이나
500만원 이상 2천만원 이하의 벌금에 처한다. ③ 제44조제1항을 위반하여 술에 취한 상태에서 자동차등 또는 노면전차를 운전한 사람은 다음 각 호의 구분에 따
라 처벌한다.
1. 혈중알코올농도가 0.2퍼센트 이상인 사람은 2년 이상 5년 이하의 징역이나 1천만원 이상 2천만원 이하의 벌금
2. 혈중알코올농도가 0.08퍼센트 이상 0.2퍼센트 미만인 사람은 1년 이상 2년 이하의 징역이나 500만원 이상 1천만
원 이하의 벌금
3. 혈중알코올농도가 0.03퍼센트 이상 0.08퍼센트 미만인 사람은 1년 이하의 징역이나 500만원 이하의 벌금
④ 제45조를 위반하여 약물로 인하여 정상적으로 운전하지 못할 우려가 있는 상태에서 자동차등 또는 노면전차를
운전한 사람은 3년 이하의 징역이나 1천만원 이하의 벌금에 처한다. 제148조의3(벌칙) ① 제50조의3제4항을 위반하여 음주운전 방지장치를 해체ㆍ조작하거나 그 밖의 방법으로 효용을 해
친 자는 3년 이하의 징역 또는 3천만원 이하의 벌금에 처한다.
② 제50조의3제4항을 위반하여 장치가 해체ㆍ조작되었거나 효용이 떨어진 것을 알면서 해당 장치가 설치된 자동차
등을 운전한 자는 1년 이하의 징역 또는 300만원 이하의 벌금에 처한다.
③ 제50조의3제5항을 위반하여 조건부 운전면허를 받은 사람을 대신하여 음주운전 방지장치가 설치된 자동차등을
운전할 수 있도록 해당 장치에 호흡을 불어넣거나 다른 부정한 방법으로 음주운전 방지장치가 설치된 자동차등에

도로교통법
시동을 걸어 운전할 수 있도록 한 사람은 1년 이하의 징역 또는 300만원 이하의 벌금에 처한다.
제148조의3"
운전하면서 휴대폰 보면 처벌받아?,"운전, 휴대폰, 처벌",2,-0.1270007491111755,0.015625,8,4.0,,"{'law_title': '도로교통법(법률)(제20270호)', 'source': 'file/도로 교통법/도로교통법(법률)(제20270호)(20240814).pdf'}","도로교통법(법률)(제20270호) 제47조 또는 제58조에 따른 경찰공무원의 요구ㆍ조치 또는 명령에 따르지 아니하거나 이를 거부 또는
방해한 사람
3. 제46조의2를 위반하여 교통단속을 회피할 목적으로 교통단속용 장비의 기능을 방해하는 장치를 제작ㆍ수입ㆍ판
매 또는 장착한 사람
4. 제49조제1항제4호를 위반하여 교통단속용 장비의 기능을 방해하는 장치를 한 차를 운전한 사람
5. 제55조를 위반하여 교통사고 발생 시의 조치 또는 신고 행위를 방해한 사람
6. 제68조제1항을 위반하여 함부로 교통안전시설이나 그 밖에 그와 비슷한 인공구조물을 설치한 사람
7. 제80조제3항 또는 제4항에 따른 조건을 위반하여 운전한 사람
② 다음 각 호의 어느 하나에 해당하는 사람은 100만원 이하의 벌금 또는 구류에 처한다. 1. 고속도로, 자동차전용도로, 중앙분리대가 있는 도로에서 제13조제3항을 고의로 위반하여 운전한 사람
2. 제17조제3항을 위반하여 제17조제1항 및 제2항에 따른 최고속도보다 시속 100킬로미터를 초과한 속도로 자동차
등을 운전한 사람"
운전하면서 휴대폰 보면 처벌받아?,"운전, 휴대폰, 처벌",3,-0.1336531043052673,0.0161290322580645,4,2.0,,"{'law_title': '도로교통법(법률)(제20270호)', 'source': 'file/도로 교통법/도로교통법(법률)(제20270호)(20240814).pdf'}","도로교통법(법률)(제20270호) 제62조 또는 제68조제3항제5호를 위반한 사실이 사진, 비디오테이프나 그 밖의 영상기록매체에 의하여 입증되고
다음 각 호의 어느 하나에 해당하는 경우에는 제56조제1항에 따른 고용주등에게 20만원 이하의 과태료를 부과한다
. 1. 위반행위를 한 운전자를 확인할 수 없어 제143조제1항에 따른 고지서를 발급할 수 없는 경우(제15조제3항, 제
29조제4항ㆍ제5항,"
운전하면서 휴대폰 보면 처벌받아?,"운전, 휴대폰, 처벌",4,-0.1587070524692535,0.0163934426229508,3,,1.0,"{'law_title': '도로교통법(법률)(제20270호)', 'source': 'file/도로 교통법/도로교통법(법률)(제20270호)(20240814).pdf'}","도로교통법(법률)(제20270호) 제151조, 「교통사고처리 특례법」 제3조제1항 또는 「특정범죄 가중처벌 등에
관한 법률」 제5조의13에 따른 형을 감경하거나 면제할 수 있다."
운전하면서 휴대폰 보면 처벌받아?,"운전, 휴대폰, 처벌",5,-0.3415500521659851,0.0161290322580645,5,,2.0,"{'law_title': '도로교통법(법률)(제20270호)', 'source': 'file/도로 교통법/도로교통법(법률)(제20270호)(20240814).pdf'}","도로교통법(법률)(제20270호) 제2조(교통안전교육강사, 자동차운전 전문학원 강사 및 기능검정원 결격사유에 관한 적용례) 제76조제3항제2호나목
ㆍ다목ㆍ라목, 제106조제3항제1호 및 제107조제3항제2호의 개정규정은 이 법 시행 이후 발생한 범죄행위로 형벌
을 받은 자부터 적용한다. 다만, 「교통사고처리 특례법」 제3조제1항 또는 「특정범죄 가중처벌 등에 관한 법률」 제
5조의3을 위반한 사람에 대해서는 종전의 규정에 따른다."
음주측정 거부하면 어떻게 돼?,"음주, 측정, 거부",1,0.0902690142393112,0.0317780580075662,2,1.0,5.0,"{'law_title': '도로교통법(법률)(제20270호)', 'source': 'file/도로 교통법/도로교통법(법률)(제20270호)(20240814).pdf'}","도로교통법(법률)(제20270호) 제47조, 제50조의3, 제93조제1항제1호부터 제
4호까지 및 제148조의2에서 같다), 노면전차 또는 자전거를 운전하여서는 아니 된다. ② 경찰공무원은 교통의 안전과 위험방지를 위하여 필요하다고 인정하거나 제1항을 위반하여 술에 취한 상태에서
자동차등, 노면전차 또는 자전거를 운전하였다고 인정할 만한 상당한 이유가 있는 경우에는 운전자가 술에 취하였
는지를 호흡조사로 측정할 수 있다. 이 경우 운전자는 경찰공무원의 측정에 응하여야 한다. ③ 제2항에 따른 측정 결과에 불복하는 운전자에 대하여는 그 운전자의 동의를 받아 혈액 채취 등의 방법으로 다시
측정할 수 있다.

도로교통법
④ 제1항에 따라 운전이 금지되는 술에 취한 상태의 기준은 운전자의 혈중알코올농도가 0.03퍼센트 이상인 경우로
한다. ⑤ 제2항 및 제3항에 따른 측정의 방법, 절차 등 필요한 사항은 행정안전부령으로 정한다."
음주측정 거부하면 어떻게 돼?,"음주, 측정, 거부",2,0.0051475754007697,0.0320020481310803,1,2.0,3.0,"{'law_title': '도로교통법(법률)(제20270호)', 'source': 'file/도로 교통법/도로교통법(법률)(제20270호)(20240814).pdf'}","도로교통법(법률)(제20270호) 제47조, 제93조제1항제1호부터 제4호까지 및 제
148조의2에서 같다), 노면전차 또는 자전거를 운전하여서는 아니 된다. ② 경찰공무원은 교통의 안전과 위험방지를 위하여 필요하다고 인정하거나 제1항을 위반하여 술에 취한 상태에서
자동차등, 노면전차 또는 자전거를 운전하였다고 인정할 만한 상당한 이유가 있는 경우에는 운전자가 술에 취하였
는지를 호흡조사로 측정할 수 있다. 이 경우 운전자는 경찰공무원의 측정에 응하여야 한다. ③ 제2항에 따른 측정 결과에 불복하는 운전자에 대하여는 그 운전자의 동의를 받아 혈액 채취 등의 방법으로 다시
측정할 수 있다.
④ 제1항에 따라 운전이 금지되는 술에 취한 상태의 기준은 운전자의 혈중알코올농도가 0.03퍼센트 이상인 경우로
한다. ⑤ 제2항 및 제3항에 따른 측정의 방법, 절차 등 필요한 사항은 행정안전부령으로 정한다."
음주측정 거부하면 어떻게 돼?,"음주, 측정, 거부",3,-0.0836507678031921,0.0163934426229508,4,,1.0,"{'law_title': '도로교통법(법률)(제20270호)', 'source': 'file/도로 교통법/도로교통법(법률)(제20270호)(20240814).pdf'}","도로교통법(법률)(제20270호) 제34조 또는 제52조제4항을 위반하거나 제35조제1항에 따른 명령을 위반한 사람
5. 제39조제6항에 따른 시ㆍ도경찰청장의 제한을 위반한 사람
6. 제50조제1항, 제3항 및 제4항을 위반하여 좌석안전띠를 매지 아니하거나 인명보호 장구를 착용하지 아니한 운전
자(자전거 운전자는 제외한다)
6의2. 제50조의2제1항을 위반하여 자율주행시스템의 직접 운전 요구에 지체 없이 대응하지 아니한 자율주행자동차
의 운전자
7. 제95조제2항에 따른 경찰공무원의 운전면허증 회수를 거부하거나 방해한 사람
8. 삭제<2020. 5. 26.>
9. 삭제<2020. 5. 26.>
9의2. 삭제<2020. 5. 26.>
10. 주ㆍ정차된 차만 손괴한 것이 분명한 경우에 제54조제1항제2호에 따라 피해자에게 인적 사항을 제공하지 아니
한 사람
11. 제44조제1항을 위반하여 술에 취한 상태에서 자전거등을 운전한 사람
12. 술에 취한 상태에 있다고 인정할 만한 상당한 이유가 있는 사람으로서 제44조제2항에 따른 경찰공무원의 측정
에 응하지 아니한 사람(자전거등을 운전한 사람으로 한정한다)
13. 제43조를 위반하여 제80조에 따른 원동기장치자전거를 운전할 수 있는 운전면허를 받지 아니하거나(원동기장
치자전거를 운전할 수 있는 운전면허의 효력이 정지된 경우를 포함한다) 국제운전면허증 또는 상호인정외국면허
증 중 원동기장치자전거를 운전할 수 있는 것으로 기재된 국제운전면허증 또는 상호인정외국면허증을 발급받지
아니하고(운전이 금지된 경우와 유효기간이 지난 경우를 포함한다) 개인형 이동장치를 운전한 사람"
음주측정 거부하면 어떻게 돼?,"음주, 측정, 거부",4,-0.1292722821235656,0.0161290322580645,5,,2.0,"{'law_title': '도로교통법(법률)(제20270호)', 'source': 'file/도로 교통법/도로교통법(법률)(제20270호)(20240814).pdf'}","도로교통법(법률)(제20270호) 제50조(특정 운전자의 준수사항) ① 자동차(이륜자동차는 제외한다)의 운전자는 자동차를 운전할 때에는 좌석안전띠를
매어야 하며, 모든 좌석의 동승자에게도 좌석안전띠(영유아인 경우에는 유아보호용 장구를 장착한 후의 좌석안전띠
를 말한다. 이하 이 조 및 제160조제2항제2호에서 같다)를 매도록 하여야 한다. 다만, 질병 등으로 인하여 좌석안전
띠를 매는 것이 곤란하거나 행정안전부령으로 정하는 사유가 있는 경우에는 그러하지 아니하다. ② 삭제<2018. 3. 27.>
③ 이륜자동차와 원동기장치자전거(개인형 이동장치는 제외한다)의 운전자는 행정안전부령으로 정하는 인명보호
장구를 착용하고 운행하여야 하며, 동승자에게도 착용하도록 하여야 한다. ④ 자전거등의 운전자는 자전거도로 및 「도로법」에 따른 도로를 운전할 때에는 행정안전부령으로 정하는 인명보호
장구를 착용하여야 하며, 동승자에게도 이를 착용하도록 하여야 한다. ⑤ 운송사업용 자동차, 화물자동차 및 노면전차 등으로서 행정안전부령으로 정하는 자동차 또는 노면전차의 운전자
는 다음 각 호의 어느 하나에 해당하는 행위를 하여서는 아니 된다. 다만, 제3호는 사업용 승합자동차와 노면전차의
운전자에 한정한다. 1. 운행기록계가 설치되어 있지 아니하거나 고장 등으로 사용할 수 없는 운행기록계가 설치된 자동차를 운전하는
행위
2. 운행기록계를 원래의 목적대로 사용하지 아니하고 자동차를 운전하는 행위
3. 승차를 거부하는 행위
⑥ 사업용 승용자동차의 운전자는 합승행위 또는 승차거부를 하거나 신고한 요금을 초과하는 요금을 받아서는 아
니 된다.
⑦ 자전거등의 운전자는 행정안전부령으로 정하는 크기와 구조를 갖추지 아니하여 교통안전에 위험을 초래할 수
있는 자전거등을 운전하여서는 아니 된다. ⑧ 자전거등의 운전자는 약물의 영향과 그 밖의 사유로 정상적으로 운전하지 못할 우려가 있는 상태에서 자전거등
을 운전하여서는 아니 된다.

도로교통법
⑨ 자전거등의 운전자는 밤에 도로를 통행하는 때에는 전조등과 미등을 켜거나 야광띠 등 발광장치를 착용하여야
한다. ⑩ 개인형 이동장치의 운전자는 행정안전부령으로 정하는 승차정원을 초과하여 동승자를 태우고 개인형 이동장치
를 운전하여서는 아니 된다. 제50조의2(자율주행자동차 운전자의 준수사항 등) ① 행정안전부령으로 정하는 완전 자율주행시스템에 해당하지 아니
하는 자율주행시스템을 갖춘 자동차의 운전자는 자율주행시스템의 직접 운전 요구에 지체 없이 대응하여 조향장치,
제동장치 및 그 밖의 장치를 직접 조작하여 운전하여야 한다.
② 운전자가 자율주행시스템을 사용하여 운전하는 경우에는 제49조제1항제10호, 제11호 및 제11호의2의 규정을
적용하지 아니한다. 제50조의2 삭제 <2024. 3. 19.>
[시행일: 2024. 9. 20.] 제50조의2

제50조의3(음주운전 방지장치 부착 조건부 운전면허를 받은 운전자등의 준수사항) ① 제80조의2에 따라 음주운전 방
지장치 부착 조건부 운전면허를 받은 사람이 자동차등을 운전하려는 경우 음주운전 방지장치를 설치하고, 시ㆍ도경
찰청장에게 등록하여야 한다. 등록한 사항 중 행정안전부령으로 정하는 중요한 사항을 변경할 때에도 또한 같다. 다
만, 제2항에 따라 음주운전 방지장치가 설치ㆍ등록된 자동차등을 운전하려는 경우에는 그러하지 아니하다.
② 「여객자동차 운수사업법」에 따른 여객자동차 운수사업자의 사업용 자동차, 「화물자동차 운수사업법」에 따른 화
물자동차 운수사업자의 사업용 자동차 및 그 밖에 대통령령으로 정하는 자동차등에 음주운전 방지장치를 설치한
자는 시ㆍ도경찰청장에게 등록하여야 한다. 등록한 사항 중 행정안전부령으로 정하는 중요한 사항을 변경할 때에도
또한 같다.
③ 제80조의2에 따라 음주운전 방지장치 부착 조건부 운전면허를 받은 사람은 음주운전 방지장치가 설치되지 아니
하거나 설치기준에 적합하지 아니한 음주운전 방지장치가 설치된 자동차등을 운전하여서는 아니 된다.
④ 누구든지 다음 각 호의 어느 하나에 해당하는 경우를 제외하고는 자동차등에 설치된 음주운전 방지장치를 해체
하거나 조작 또는 그 밖의 방법으로 효용을 해치는 행위를 하여서는 아니 된다.
1. 음주운전 방지장치의 점검 또는 정비를 위한 경우
2. 폐차하는 경우
3. 교육ㆍ연구의 목적으로 사용하는 등 대통령령으로 정하는 사유에 해당하는 경우
4. 제82조제2항제10호에 따른 음주운전 방지장치의 부착 기간이 경과한 경우
⑤ 누구든지 음주운전 방지장치 부착 조건부 운전면허를 받은 사람을 대신하여 음주운전 방지장치가 설치된 자동
차등을 운전할 수 있도록 해당 장치에 호흡을 불어넣거나 다른 부정한 방법으로 음주운전 방지장치가 설치된 자동
차등에 시동을 거는 행위를 하여서는 아니 된다.
⑥ 제1항 및 제2항에 따라 음주운전 방지장치의 설치 사항을 시ㆍ도경찰청장에게 등록한 자는 연 2회 이상 음주운
전 방지장치 부착 자동차등의 운행기록을 시ㆍ도경찰청장에게 제출하여야 하며, 음주운전 방지장치의 정상 작동여
부 등을 점검하는 검사를 받아야 한다.
⑦ 제1항 및 제2항에 따른 음주운전 방지장치 설치 기준ㆍ방법 및 등록 기준ㆍ등록 절차, 제6항에 따른 운행기록 제
출 및 검사의 시기ㆍ방법, 그 밖에 필요한 사항은 행정안전부령으로 정한다. [시행일: 2024. 10. 25.] 제50조의3"
음주측정 거부하면 어떻게 돼?,"음주, 측정, 거부",5,-0.2392590492963791,0.0299107142857142,3,4.0,10.0,"{'law_title': '도로교통법 시행규칙(행정안전부령)(제00507호)', 'source': 'file/도로 교통법/도로교통법 시행규칙(행정안전부령)(제00507호)(20240731).pdf'}","도로교통법 시행규칙(행정안전부령)(제00507호) 제27조(정비불량표지 등) ①영 제24조제1항에 따른 정비불량표지는 별표 13에 의하고, 정비명령서는 별지 제14호서식
에 의한다.
②영 제24조제2항에 따른 정비명령의 보고는 별지 제15호서식의 정비명령보고서에 의한다.
③영 제26조제1항에 따른 자동차사용정지 통고서는 별지 제16호서식에 의한다.
④경찰공무원[제주특별자치도의 자치경찰공무원(이하 “자치경찰공무원”이라 한다)은 제외한다]이 제3항에 따른 자
동차사용정지 통고서를 교부한 때에는 별지 제17호서식의 자동차사용정지 통고보고서에 의하여 시ㆍ도경찰청장에
게 보고하여야 한다. 제4장 운전자 및 고용주등의 의무

제27조의2(술에 취한 상태의 측정 방법 등) ① 법 제44조제2항 및 제3항에 따른 술에 취한 상태의 측정 방법은 다음 각
호와 같다.
1. 호흡조사: 호흡을 채취하여 술에 취한 정도를 객관적으로 환산하는 측정 방법
2. 혈액 채취: 혈액을 채취하여 술에 취한 정도를 객관적으로 환산하는 측정 방법
② 법 제44조제2항 및 제3항에 따른 술에 취한 상태의 측정 절차는 다음 각 호와 같다.
1. 호흡조사로 측정하는 경우 다음 각 목의 절차를 따를 것
가. 경찰공무원이 교통의 안전과 위험방지를 위하여 필요하다고 인정하는 경우나 운전자의 외관, 언행, 태도, 운전
행태 등 객관적 사정을 종합하여 운전자가 술에 취한 상태에서 운전한 것으로 의심되는 경우에 실시할 것
나. 입 안의 잔류 알코올을 헹궈낼 수 있도록 운전자에게 음용수를 제공할 것
2. 혈액 채취로 측정하는 경우 다음 각 목의 절차를 따를 것
가. 운전자가 처음부터 혈액 채취로 측정을 요구하거나 호흡조사로 측정한 결과에 불복하면서 혈액 채취로의 측
정에 동의하는 경우 또는 운전자가 의식이 없는 등 호흡조사로 측정이 불가능한 경우에 실시할 것
나. 가까운 병원 또는 의원 등의 의료기관에서 비알콜성 소독약을 사용하여 채혈할 것
③ 제1항 및 제2항에서 규정한 사항 외에 술에 취한 상태의 측정 방법 및 절차 등에 관하여 필요한 사항은 경찰청장
이 정한다."
횡단보도에서 보행자는 얼마나 보호받아?,"횡단보도, 보행자, 얼마나, 보호",1,0.6483479738235474,0.0327868852459016,1,1.0,1.0,"{'law_title': '도로교통법(법률)(제20270호)', 'source': 'file/도로 교통법/도로교통법(법률)(제20270호)(20240814).pdf'}","도로교통법(법률)(제20270호) 제27조(보행자의 보호) ① 모든 차 또는 노면전차의 운전자는 보행자(제13조의2제6항에 따라 자전거등에서 내려서 자
전거등을 끌거나 들고 통행하는 자전거등의 운전자를 포함한다)가 횡단보도를 통행하고 있거나 통행하려고 하는 때
에는 보행자의 횡단을 방해하거나 위험을 주지 아니하도록 그 횡단보도 앞(정지선이 설치되어 있는 곳에서는 그 정
지선을 말한다)에서 일시정지하여야 한다. ② 모든 차 또는 노면전차의 운전자는 교통정리를 하고 있는 교차로에서 좌회전이나 우회전을 하려는 경우에는 신
호기 또는 경찰공무원등의 신호나 지시에 따라 도로를 횡단하는 보행자의 통행을 방해하여서는 아니 된다. ③ 모든 차의 운전자는 교통정리를 하고 있지 아니하는 교차로 또는 그 부근의 도로를 횡단하는 보행자의 통행을
방해하여서는 아니 된다.
④ 모든 차의 운전자는 도로에 설치된 안전지대에 보행자가 있는 경우와 차로가 설치되지 아니한 좁은 도로에서 보
행자의 옆을 지나는 경우에는 안전한 거리를 두고 서행하여야 한다.
⑤ 모든 차 또는 노면전차의 운전자는 보행자가 제10조제3항에 따라 횡단보도가 설치되어 있지 아니한 도로를 횡
단하고 있을 때에는 안전거리를 두고 일시정지하여 보행자가 안전하게 횡단할 수 있도록 하여야 한다. ⑥ 모든 차의 운전자는 다음 각 호의 어느 하나에 해당하는 곳에서 보행자의 옆을 지나는 경우에는 안전한 거리를
두고 서행하여야 하며, 보행자의 통행에 방해가 될 때에는 서행하거나 일시정지하여 보행자가 안전하게 통행할 수
있도록 하여야 한다. 1. 보도와 차도가 구분되지 아니한 도로 중 중앙선이 없는 도로
2. 보행자우선도로
3. 도로 외의 곳
⑦ 모든 차 또는 노면전차의 운전자는 제12조제1항에 따른 어린이 보호구역 내에 설치된 횡단보도 중 신호기가 설
치되지 아니한 횡단보도 앞(정지선이 설치된 경우에는 그 정지선을 말한다)에서는 보행자의 횡단 여부와 관계없이
일시정지하여야 한다."
횡단보도에서 보행자는 얼마나 보호받아?,"횡단보도, 보행자, 얼마나, 보호",2,0.4529850780963897,0.0320020481310803,2,2.0,3.0,"{'law_title': '도로교통법(법률)(제20270호)', 'source': 'file/도로 교통법/도로교통법(법률)(제20270호)(20240814).pdf'}","도로교통법(법률)(제20270호) 제10조(도로의 횡단) ① 시ㆍ도경찰청장은 도로를 횡단하는 보행자의 안전을 위하여 행정안전부령으로 정하는 기준에
따라 횡단보도를 설치할 수 있다. ② 보행자는 제1항에 따른 횡단보도, 지하도, 육교나 그 밖의 도로 횡단시설이 설치되어 있는 도로에서는 그 곳으로
횡단하여야 한다. 다만, 지하도나 육교 등의 도로 횡단시설을 이용할 수 없는 지체장애인의 경우에는 다른 교통에
방해가 되지 아니하는 방법으로 도로 횡단시설을 이용하지 아니하고 도로를 횡단할 수 있다.

도로교통법
③ 보행자는 제1항에 따른 횡단보도가 설치되어 있지 아니한 도로에서는 가장 짧은 거리로 횡단하여야 한다.
④ 보행자는 차와 노면전차의 바로 앞이나 뒤로 횡단하여서는 아니 된다. 다만, 횡단보도를 횡단하거나 신호기 또는
경찰공무원등의 신호나 지시에 따라 도로를 횡단하는 경우에는 그러하지 아니하다. ⑤ 보행자는 안전표지 등에 의하여 횡단이 금지되어 있는 도로의 부분에서는 그 도로를 횡단하여서는 아니 된다."
횡단보도에서 보행자는 얼마나 보호받아?,"횡단보도, 보행자, 얼마나, 보호",3,-0.0057499883696436,0.0147058823529411,9,8.0,,"{'law_title': '도로교통법(법률)(제20270호)', 'source': 'file/도로 교통법/도로교통법(법률)(제20270호)(20240814).pdf'}","도로교통법(법률)(제20270호) 제8조(보행자의 통행) ① 보행자는 보도와 차도가 구분된 도로에서는 언제나 보도로 통행하여야 한다. 다만, 차도를 횡
단하는 경우, 도로공사 등으로 보도의 통행이 금지된 경우나 그 밖의 부득이한 경우에는 그러하지 아니하다.
② 보행자는 보도와 차도가 구분되지 아니한 도로 중 중앙선이 있는 도로(일방통행인 경우에는 차선으로 구분된 도
로를 포함한다)에서는 길가장자리 또는 길가장자리구역으로 통행하여야 한다. ③ 보행자는 다음 각 호의 어느 하나에 해당하는 곳에서는 도로의 전 부분으로 통행할 수 있다. 이 경우 보행자는
고의로 차마의 진행을 방해하여서는 아니 된다. 1. 보도와 차도가 구분되지 아니한 도로 중 중앙선이 없는 도로(일방통행인 경우에는 차선으로 구분되지 아니한 도
로에 한정한다. 이하 같다)
2. 보행자우선도로
④ 보행자는 보도에서는 우측통행을 원칙으로 한다. 제8조의2(실외이동로봇 운용자의 의무) ① 실외이동로봇을 운용하는 사람(실외이동로봇을 조작ㆍ관리하는 사람을 포
함하며, 이하 “실외이동로봇 운용자”라 한다)은 실외이동로봇의 운용 장치와 그 밖의 장치를 정확하게 조작하여야 한
다.
② 실외이동로봇 운용자는 실외이동로봇의 운용 장치를 도로의 교통상황과 실외이동로봇의 구조 및 성능에 따라
차, 노면전차 또는 다른 사람에게 위험과 장해를 주는 방법으로 운용하여서는 아니 된다."
횡단보도에서 보행자는 얼마나 보호받아?,"횡단보도, 보행자, 얼마나, 보호",4,-0.0867083817720413,0.0161290322580645,7,,2.0,"{'law_title': '도로교통법 시행규칙(행정안전부령)(제00507호)', 'source': 'file/도로 교통법/도로교통법 시행규칙(행정안전부령)(제00507호)(20240731).pdf'}","도로교통법 시행규칙(행정안전부령)(제00507호) 제15조(차로의 설치) ①시ㆍ도경찰청장은 법 제14조제1항에 따라 도로에 차로를 설치하고자 하는 때에는 별표 6에 따
른 노면표시로 표시하여야 한다. ②제1항에 따라 설치되는 차로의 너비는 3미터 이상으로 하여야 한다. 다만, 좌회전전용차로의 설치 등 부득이하다
고 인정되는 때에는 275센티미터 이상으로 할 수 있다.
③차로는 횡단보도ㆍ교차로 및 철길건널목에는 설치할 수 없다.
④보도와 차도의 구분이 없는 도로에 차로를 설치하는 때에는 보행자가 안전하게 통행할 수 있도록 그 도로의 양쪽
에 길가장자리구역을 설치하여야 한다."
횡단보도에서 보행자는 얼마나 보호받아?,"횡단보도, 보행자, 얼마나, 보호",5,-0.2225596755743026,0.0303030303030303,6,6.0,6.0,"{'law_title': '도로교통법(법률)(제20270호)', 'source': 'file/도로 교통법/도로교통법(법률)(제20270호)(20240814).pdf'}","도로교통법(법률)(제20270호) 제11조(어린이 등에 대한 보호) ① 어린이의 보호자는 교통이 빈번한 도로에서 어린이를 놀게 하여서는 아니 되며, 영
유아(6세 미만인 사람을 말한다. 이하 같다)의 보호자는 교통이 빈번한 도로에서 영유아가 혼자 보행하게 하여서는
아니 된다. ② 앞을 보지 못하는 사람(이에 준하는 사람을 포함한다. 이하 같다)의 보호자는 그 사람이 도로를 보행할 때에는 흰
색 지팡이를 갖고 다니도록 하거나 앞을 보지 못하는 사람에게 길을 안내하는 개로서 행정안전부령으로 정하는 개
(이하 “장애인보조견”이라 한다)를 동반하도록 하는 등 필요한 조치를 하여야 한다. ③ 어린이의 보호자는 도로에서 어린이가 자전거를 타거나 행정안전부령으로 정하는 위험성이 큰 움직이는 놀이기
구를 타는 경우에는 어린이의 안전을 위하여 행정안전부령으로 정하는 인명보호 장구(裝具)를 착용하도록 하여야
한다. ④ 어린이의 보호자는 도로에서 어린이가 개인형 이동장치를 운전하게 하여서는 아니 된다. ⑤ 경찰공무원은 신체에 장애가 있는 사람이 도로를 통행하거나 횡단하기 위하여 도움을 요청하거나 도움이 필요
하다고 인정하는 경우에는 그 사람이 안전하게 통행하거나 횡단할 수 있도록 필요한 조치를 하여야 한다. ⑥ 경찰공무원은 다음 각 호의 어느 하나에 해당하는 사람을 발견한 경우에는 그들의 안전을 위하여 적절한 조치를
하여야 한다. 1. 교통이 빈번한 도로에서 놀고 있는 어린이
2. 보호자 없이 도로를 보행하는 영유아
3. 앞을 보지 못하는 사람으로서 흰색 지팡이를 가지지 아니하거나 장애인보조견을 동반하지 아니하는 등 필요한
조치를 하지 아니하고 다니는 사람
4. 횡단보도나 교통이 빈번한 도로에서 보행에 어려움을 겪고 있는 노인(65세 이상인 사람을 말한다. 이하 같다)"
무면허운전하면 처벌이 어떻게 돼?,"무면허운전, 처벌",1,0.2301796972751617,0.0153846153846153,8,5.0,,"{'law_title': '도로교통법(법률)(제20270호)', 'source': 'file/도로 교통법/도로교통법(법률)(제20270호)(20240814).pdf'}","도로교통법(법률)(제20270호) 제12조 중 증거를 날조ㆍ인멸ㆍ은닉한 죄

도로교통법
나. 「형법」 중 다음 어느 하나의 범죄
1) 살인ㆍ사체유기 또는 방화
2) 강도ㆍ강간 또는 강제추행
3) 약취ㆍ유인 또는 감금
4) 상습절도(절취한 물건을 운반한 경우에 한정한다)
5) 교통방해(단체 또는 다중의 위력으로써 위반한 경우에 한정한다)
다. 「보험사기방지 특별법」 중 제8조부터 제10조까지의 죄
12. 다른 사람의 자동차등을 훔치거나 빼앗은 경우
13. 다른 사람이 부정하게 운전면허를 받도록 하기 위하여 제83조에 따른 운전면허시험에 대신 응시한 경우
14. 이 법에 따른 교통단속 임무를 수행하는 경찰공무원등 및 시ㆍ군공무원을 폭행한 경우
15. 운전면허증을 다른 사람에게 빌려주어 운전하게 하거나 다른 사람의 운전면허증을 빌려서 사용한 경우
16. 「자동차관리법」에 따라 등록되지 아니하거나 임시운행허가를 받지 아니한 자동차(이륜자동차는 제외한다)를
운전한 경우
17. 제1종 보통면허 및 제2종 보통면허를 받기 전에 연습운전면허의 취소 사유가 있었던 경우
18. 다른 법률에 따라 관계 행정기관의 장이 운전면허의 취소처분 또는 정지처분을 요청한 경우
18의2. 제39조제1항 또는 제4항을 위반하여 화물자동차를 운전한 경우
19. 이 법이나 이 법에 따른 명령 또는 처분을 위반한 경우
20. 운전면허를 받은 사람이 자신의 운전면허를 실효(失效)시킬 목적으로 시ㆍ도경찰청장에게 자진하여 운전면허를
반납하는 경우. 다만, 실효시키려는 운전면허가 취소처분 또는 정지처분의 대상이거나 효력정지 기간 중인 경우
는 제외한다.
② 시ㆍ도경찰청장은 제1항에 따라 운전면허를 취소하거나 운전면허의 효력을 정지하려고 할 때 그 기준으로 활용
하기 위하여 교통법규를 위반하거나 교통사고를 일으킨 사람에 대하여는 행정안전부령으로 정하는 바에 따라 위반
및 피해의 정도 등에 따라 벌점을 부과할 수 있으며, 그 벌점이 행정안전부령으로 정하는 기간 동안 일정한 점수를
초과하는 경우에는 행정안전부령으로 정하는 바에 따라 운전면허를 취소 또는 정지할 수 있다. ③ 시ㆍ도경찰청장은 연습운전면허를 발급받은 사람이 운전 중 고의 또는 과실로 교통사고를 일으키거나 이 법이
나 이 법에 따른 명령 또는 처분을 위반한 경우에는 연습운전면허를 취소하여야 한다. 다만, 본인에게 귀책사유(歸
責事由)가 없는 경우 등 대통령령으로 정하는 경우에는 그러하지 아니하다. ④ 시ㆍ도경찰청장은 제1항 또는 제2항에 따라 운전면허의 취소처분 또는 정지처분을 하려고 하거나 제3항에 따라
연습운전면허 취소처분을 하려면 그 처분을 하기 전에 미리 행정안전부령으로 정하는 바에 따라 처분의 당사자에
게 처분 내용과 의견제출 기한 등을 통지하여야 하며, 그 처분을 하는 때에는 행정안전부령으로 정하는 바에 따라
처분의 이유와 행정심판을 제기할 수 있는 기간 등을 통지하여야 한다. 다만, 제87조제2항 또는 제88조제1항에 따
른 적성검사를 받지 아니하였다는 이유로 운전면허를 취소하려면 행정안전부령으로 정하는 바에 따라 처분의 당사
자에게 적성검사를 할 수 있는 날의 만료일 전까지 적성검사를 받지 아니하면 운전면허가 취소된다는 사실의 조건
부 통지를 함으로써 처분의 사전 및 사후 통지를 갈음할 수 있다."
무면허운전하면 처벌이 어떻게 돼?,"무면허운전, 처벌",2,0.1695344895124435,0.0163934426229508,3,1.0,,"{'law_title': '도로교통법(법률)(제20270호)', 'source': 'file/도로 교통법/도로교통법(법률)(제20270호)(20240814).pdf'}","도로교통법(법률)(제20270호) 제152조(벌칙) 다음 각 호의 어느 하나에 해당하는 사람은 1년 이하의 징역이나 300만원 이하의 벌금에 처한다. 1. 제43조를 위반하여 제80조에 따른 운전면허(원동기장치자전거면허는 제외한다. 이하 이 조에서 같다)를 받지 아
니하거나(운전면허의 효력이 정지된 경우를 포함한다) 또는 제96조에 따른 국제운전면허증 또는 상호인정외국면
허증을 받지 아니하고(운전이 금지된 경우와 유효기간이 지난 경우를 포함한다) 자동차를 운전한 사람
2. 제56조제2항을 위반하여 운전면허를 받지 아니한 사람(운전면허의 효력이 정지된 사람을 포함한다)에게 자동차
를 운전하도록 시킨 고용주등
3. 거짓이나 그 밖의 부정한 수단으로 운전면허를 받거나 운전면허증 또는 운전면허증을 갈음하는 증명서를 발급받
은 사람
4. 제68조제2항을 위반하여 교통에 방해가 될 만한 물건을 함부로 도로에 내버려둔 사람
5. 제76조제4항을 위반하여 교통안전교육강사가 아닌 사람으로 하여금 교통안전교육을 하게 한 교통안전교육기관
의 장
6. 제117조를 위반하여 유사명칭 등을 사용한 사람"
무면허운전하면 처벌이 어떻게 돼?,"무면허운전, 처벌",3,0.0181162729859352,0.0325224748810153,1,2.0,1.0,"{'law_title': '도로교통법(법률)(제20270호)', 'source': 'file/도로 교통법/도로교통법(법률)(제20270호)(20240814).pdf'}","도로교통법(법률)(제20270호) 제43조(무면허운전 등의 금지) 누구든지 제80조에 따라 시ㆍ도경찰청장으로부터 운전면허를 받지 아니하거나 운전면
허의 효력이 정지된 경우에는 자동차등을 운전하여서는 아니 된다."
무면허운전하면 처벌이 어떻게 돼?,"무면허운전, 처벌",4,-0.0333616845309734,0.015625,6,4.0,,"{'law_title': '도로교통법(법률)(제20270호)', 'source': 'file/도로 교통법/도로교통법(법률)(제20270호)(20240814).pdf'}","도로교통법(법률)(제20270호) 제43조 또는 제96조제3항을 함께 위반한 경우에는
그 위반한 날을 말한다)부터 3년, 자동차등을 이용하여 범죄행위를 하거나 다른 사람의 자동차등을 훔치거나 빼
앗은 사람이 제43조를 위반하여 그 자동차등을 운전한 경우에는 그 위반한 날부터 3년
6. 다음 각 목의 경우에는 운전면허가 취소된 날("
무면허운전하면 처벌이 어떻게 돼?,"무면허운전, 처벌",5,-0.0940372198820114,0.0158730158730158,4,3.0,,"{'law_title': '도로교통법(법률)(제20270호)', 'source': 'file/도로 교통법/도로교통법(법률)(제20270호)(20240814).pdf'}","도로교통법(법률)(제20270호) 제150조(벌칙) 다음 각 호의 어느 하나에 해당하는 사람은 2년 이하의 징역이나 500만원 이하의 벌금에 처한다. 1. 제46조제1항 또는 제2항을 위반하여 공동 위험행위를 하거나 주도한 사람
2. 제77조제1항에 따른 수강 결과를 거짓으로 보고한 교통안전교육강사
3. 제77조제2항을 위반하여 교통안전교육을 받지 아니하거나 기준에 미치지 못하는 사람에게 교육확인증을 발급한
교통안전교육기관의 장
3의2. 제92조제3항을 위반하여 다른 사람 명의의 모바일운전면허증을 부정하게 사용한 사람
4. 거짓이나 그 밖의 부정한 방법으로 제99조에 따른 학원의 등록을 하거나 제104조제1항에 따른 전문학원의 지정
을 받은 사람
5. 제104조제1항에 따른 전문학원의 지정을 받지 아니하고 제108조제5항에 따른 수료증 또는 졸업증을 발급한 사
람
6. 제116조를 위반하여 대가를 받고 자동차등의 운전교육을 한 사람
7. 삭제<2024. 1. 30.>"
